﻿<?xml version="1.0" encoding="utf-8" ?>
<Defs>

    <ResearchProjectDef>
		<defName>SynthreadTechCrafting</defName>
		<label>Synthread</label>
		<description>Allows you to make synthetic fabrics using Devilstrand, cloth and steel.</description>
		<baseCost>900</baseCost>
		<techLevel>Industrial</techLevel>
		<prerequisites>
			<li>Devilstrand</li>
		</prerequisites>
		<tab>SynthCraft</tab>
		<researchViewX>0</researchViewX>
		<researchViewY>1.5</researchViewY>
	</ResearchProjectDef>
	
	<ResearchProjectDef>
		<defName>HyperweaveTechCrafting</defName>
		<label>Hyperweave</label>
		<description>Improve upon the previous attempts at synthethics using Synthread and plasteel.</description>
		<baseCost>1200</baseCost>
		<techLevel>Spacer</techLevel>
		<prerequisites>
			<li>SynthreadTechCrafting</li>
		</prerequisites>
		<tab>SynthCraft</tab>
		<researchViewX>1</researchViewX>
		<researchViewY>1.5</researchViewY>
	</ResearchProjectDef>

</Defs>