<?xml version="1.0" encoding="utf-8" ?>


<Defs>

  <WorkGiverDef>
    <defName>DoBillsMakeSynthetics</defName>
    <label>tailor synthetics</label>
    <giverClass>WorkGiver_DoBill</giverClass>
    <workType>Tailoring</workType>
    <priorityInType>110</priorityInType>
    <fixedBillGiverDefs>
      <li>ElectricTailoringBench</li>
      <li>HandTailoringBench</li>
    </fixedBillGiverDefs>
    <verb>tailor</verb>
    <gerund>tailoring at</gerund>
    <requiredCapacities>
      <li>Manipulation</li>
    </requiredCapacities>
    <prioritizeSustains>true</prioritizeSustains>
  </WorkGiverDef>
	
</Defs>